{"diffRAM":8748,"diffHeapTotal":5712,"diffHeapUsed":6089.78125,"diffExternal":820.15625,"diffCPU":29.031,"diffTime":29}