{"diffRAM":7480,"diffHeapTotal":4176,"diffHeapUsed":5597.4609375,"diffExternal":820.15625,"diffCPU":27.681,"diffTime":28}